{
    "loss": 0.5871793031692505,
    "accuracy": 0.8620689511299133
}