{
    "loss": 0.6705344915390015,
    "accuracy": 0.8706896305084229
}